First Name,Last Name,Email,Company,Position,LinkedIn,Profile Type,Guest Type
Nick,Bacci,nick.bacci@weareonetour.com,We Are One Tour,Organizer,linkedin.com/in/nick-bacci,Founders,VIP
Rafael,Cavalli,rafael.cavalli@sablefin.io,Sablefin Protocol,Founder & COO,linkedin.com/in/rafael-cavalli,Founders,VIP
Salma,Kassem,salma.kassem@driftwell.co,Driftwell Network,Co-Founder & CPO,linkedin.com/in/salma-kassem,Founders,Attendee
Matthias,Kowalczyk,matthias.kowalczyk@solanoheritage.com,Solano Heritage Group,Head of Direct Investments,linkedin.com/in/matthias-kowalczyk,Family Offices,Attendee
Sofie,Rousseau,sofie.rousseau@latitudebroadcast.com,Latitude Broadcast,Executive Producer,linkedin.com/in/sofie-rousseau,Media,Attendee
Dana,Zahran,dana.zahran@corvane.io,Corvane Technologies,VP Demand Generation,linkedin.com/in/dana-zahran,Sponsors,Sponsor
Harper,Ashford,harper.ashford@sablecrowe.com,Sable & Crowe Wealth,Senior Wealth Advisor,linkedin.com/in/harper-ashford,Service Providers,Attendee
Hala,Farouk,hala.farouk@loomwright.studio,Loomwright Studio,Co-Founder,linkedin.com/in/hala-farouk,Founders,VIP
Bilal,Al-Mansouri,bilal.almansouri@sorrelbay.com,Sorrel Bay Capital,Managing Director,linkedin.com/in/bilal-almansouri,Investors,Attendee
Haruto,Zhao,haruto.zhao@galleryverdant.com,Gallery Verdant,Head of Collector Relations,linkedin.com/in/haruto-zhao,Brands,Attendee
Colton,Fairbanks,colton.fairbanks@cobaltharbor.xyz,Cobalt Harbor,Founder & CEO,linkedin.com/in/colton-fairbanks,Founders,VIP
Giulia,Falkenrath,giulia.falkenrath@halcyonrobotics.ai,Halcyon Robotics,Head of Product,linkedin.com/in/giulia-falkenrath,Founders,Attendee
Isadora,Larrain,isadora.larrain@nivarahotels.com,Nivara Hospitality,Chief Commercial Officer,linkedin.com/in/isadora-larrain,Sponsors,Sponsor
Yuki,Yamada,yuki.yamada@regeneracollective.org,Regenera Collective,Head of Partnerships,linkedin.com/in/yuki-yamada,Founders,Attendee
Rafael,Moreau,rafael.moreau@terravitality.com,Terra Vitality Clinic,Chief Longevity Officer,linkedin.com/in/rafael-moreau,Executives,Attendee
Amira,Haddad,amira.haddad@petracompute.com,Petra Compute,Founder & CEO,linkedin.com/in/amira-haddad,Founders,Attendee
Anouk,Novotný,anouk.novotny@sablecrowe.com,Sable & Crowe Wealth,Senior Wealth Advisor,linkedin.com/in/anouk-novotny,Service Providers,Attendee
Willa,Winslow,willa.winslow@quillandstone.com,Quill & Stone Holdings,Investment Manager,linkedin.com/in/willa-winslow,Family Offices,Attendee
Margot,Ostergaard,margot.ostergaard@ninthgear.tv,Ninth Gear Media,Creator & Host,linkedin.com/in/margot-ostergaard,Creators,Attendee
Piper,Fairbanks,piper.fairbanks@climatemissiondesk.org,Climate Mission Desk,Programme Officer,linkedin.com/in/piper-fairbanks,Government,Attendee
Andrei,Pallavicini,andrei.pallavicini@bluecommons.org,Blue Commons Alliance,Policy Lead,linkedin.com/in/andrei-pallavicini,Government,Attendee
Emmett,Brackett,emmett.brackett@aureuswatch.com,Aureus Watch Co.,Head of Brand Partnerships,linkedin.com/in/emmett-brackett,Sponsors,Sponsor
Beau,Fairbanks,beau.fairbanks@quillandstone.com,Quill & Stone Holdings,Head of Philanthropy,linkedin.com/in/beau-fairbanks,Family Offices,Attendee
Lukas,Hoffmann,lukas.hoffmann@corvane.io,Corvane Technologies,VP Demand Generation,linkedin.com/in/lukas-hoffmann,Sponsors,Sponsor
Layla,Al-Mansouri,layla.almansouri@solsticelongevity.com,Solstice Longevity,Co-Founder,linkedin.com/in/layla-almansouri,Founders,Attendee
Matthias,Jankovic,matthias.jankovic@longnowreview.com,The Long Now Review,Editor-in-Chief,linkedin.com/in/matthias-jankovic,Media,VIP
Siti,Mahendra,siti.mahendra@ardentglobal.com,Ardent Global Bank,"Managing Director, Partnerships",linkedin.com/in/siti-mahendra,Sponsors,Sponsor
Anouk,Pallavicini,anouk.pallavicini@capitalsignal.com,Capital Signal,Markets Editor,linkedin.com/in/anouk-pallavicini,Media,Attendee
Reed,Carrow,reed.carrow@amritaretreats.com,Amrita Retreats,Head of Programming,linkedin.com/in/reed-carrow,Founders,Attendee
Layla,El-Amin,layla.elamin@lanternrow.vc,Lantern Row Ventures,Investor,linkedin.com/in/layla-elamin,Investors,Attendee
Antonella,Montenegro,antonella.montenegro@cobaltharbor.xyz,Cobalt Harbor,Co-Founder & President,linkedin.com/in/antonella-montenegro,Founders,Attendee
Vikram,Pham,vikram.pham@longnowreview.com,The Long Now Review,Senior Correspondent,linkedin.com/in/vikram-pham,Media,Attendee
Vikram,Yamada,vikram.yamada@breathhouse.co,Breathhouse,Founder,linkedin.com/in/vikram-yamada,Founders,Attendee
River,Halloway,river.halloway@kindredsound.com,Kindred Sound Collective,Composer & Performer,linkedin.com/in/river-halloway,Creators,Attendee
Camila,Tavares,camila.tavares@sablefin.io,Sablefin Protocol,Protocol Lead,linkedin.com/in/camila-tavares,Founders,Attendee
Søren,Stavros,sren.stavros@kindlingfoundation.org,Kindling Foundation,Head of Grants,linkedin.com/in/sren-stavros,Government,Attendee
Tomás,Bustamante,tomas.bustamante@kindredsound.com,Kindred Sound Collective,Composer & Performer,linkedin.com/in/tomas-bustamante,Creators,Attendee
Paloma,Salcedo,paloma.salcedo@climatemissiondesk.org,Climate Mission Desk,Senior Advisor,linkedin.com/in/paloma-salcedo,Government,Attendee
Anouk,Falkenrath,anouk.falkenrath@loomwright.studio,Loomwright Studio,Founder & Designer,linkedin.com/in/anouk-falkenrath,Founders,VIP
Grant,Whitlock,grant.whitlock@kindredsound.com,Kindred Sound Collective,Artistic Director,linkedin.com/in/grant-whitlock,Creators,Attendee
Rania,Darwish,rania.darwish@halcyonimpact.com,Halcyon Impact Partners,Partner,linkedin.com/in/rania-darwish,Investors,Attendee
Nicolás,Nogueira,nicolas.nogueira@northlinelabs.com,Northline Labs,Founder & CTO,linkedin.com/in/nicolas-nogueira,Founders,VIP
Noor,Haddad,noor.haddad@verdehouse.com,Verdehouse Kitchens,Culinary Director,linkedin.com/in/noor-haddad,Founders,Attendee
Lucía,Guzmán,lucia.guzman@aureuswatch.com,Aureus Watch Co.,Head of Brand Partnerships,linkedin.com/in/lucia-guzman,Sponsors,Sponsor
Faisal,Toubia,faisal.toubia@volarys.com,Volarys Airlines,VP Global Partnerships,linkedin.com/in/faisal-toubia,Sponsors,Sponsor
Yuki,Kobayashi,yuki.kobayashi@corvane.io,Corvane Technologies,VP Demand Generation,linkedin.com/in/yuki-kobayashi,Sponsors,Sponsor
Ximena,Peralta,ximena.peralta@selvedgeatelier.com,Selvedge Atelier,Head of Global Retail,linkedin.com/in/ximena-peralta,Brands,Attendee
Elke,Hoffmann,elke.hoffmann@maisonlirette.com,Maison Lirette,Director of Brand Experience,linkedin.com/in/elke-hoffmann,Brands,Attendee
Tobias,Adriaanse,tobias.adriaanse@atlasdigitalarts.com,Atlas Digital Arts,Head of Immersive,linkedin.com/in/tobias-adriaanse,Creators,Attendee
Tobias,Novotný,tobias.novotny@rootedprovisions.com,Rooted Provisions,VP Brand Marketing,linkedin.com/in/tobias-novotny,Brands,Attendee
Caleb,Halloway,caleb.halloway@stillwaterpractice.com,The Stillwater Practice,Somatic Practitioner,linkedin.com/in/caleb-halloway,Creators,Attendee
Nisha,Mahendra,nisha.mahendra@ardentglobal.com,Ardent Global Bank,Head of Sponsorships,linkedin.com/in/nisha-mahendra,Sponsors,Sponsor
Lukas,Jankovic,lukas.jankovic@halversonlegal.com,Halverson Legal,Counsel,linkedin.com/in/lukas-jankovic,Service Providers,Attendee
Nisha,Tanaka,nisha.tanaka@nivarahotels.com,Nivara Hospitality,Chief Commercial Officer,linkedin.com/in/nisha-tanaka,Sponsors,Sponsor
Nadia,Grandjean,nadia.grandjean@amritaretreats.com,Amrita Retreats,Head of Programming,linkedin.com/in/nadia-grandjean,Founders,Attendee
Hala,Mourad,hala.mourad@maisonlirette.com,Maison Lirette,Director of Brand Experience,linkedin.com/in/hala-mourad,Brands,Attendee
Hala,Darwish,hala.darwish@northlinelabs.com,Northline Labs,Founder & CEO,linkedin.com/in/hala-darwish,Founders,Attendee
Andrei,Hoffmann,andrei.hoffmann@driftwell.co,Driftwell Network,Co-Founder & CPO,linkedin.com/in/andrei-hoffmann,Founders,VIP
Ananya,Lim,ananya.lim@bluecommons.org,Blue Commons Alliance,Director of Ocean Programs,linkedin.com/in/ananya-lim,Government,Attendee
Chiara,Cavalli,chiara.cavalli@verdehouse.com,Verdehouse Kitchens,Culinary Director,linkedin.com/in/chiara-cavalli,Founders,Attendee
Tendai,Ndlovu,tendai.ndlovu@terravitality.com,Terra Vitality Clinic,Medical Director,linkedin.com/in/tendai-ndlovu,Executives,VIP
Mei,Wibowo,mei.wibowo@meridiandao.xyz,Meridian DAO,Core Contributor,linkedin.com/in/mei-wibowo,Founders,Attendee
Delaney,Winslow,delaney.winslow@longnowreview.com,The Long Now Review,Editor-in-Chief,linkedin.com/in/delaney-winslow,Media,VIP
Marlowe,Ashford,marlowe.ashford@ninthgear.tv,Ninth Gear Media,Creator & Host,linkedin.com/in/marlowe-ashford,Creators,Attendee
Wren,Ridley,wren.ridley@solanoheritage.com,Solano Heritage Group,Managing Director,linkedin.com/in/wren-ridley,Family Offices,Attendee
Marlowe,Carrow,marlowe.carrow@stillwaterpractice.com,The Stillwater Practice,Breathwork Facilitator,linkedin.com/in/marlowe-carrow,Creators,Attendee
Ignacio,Bustamante,ignacio.bustamante@aureuswatch.com,Aureus Watch Co.,Head of Brand Partnerships,linkedin.com/in/ignacio-bustamante,Sponsors,Sponsor
Isadora,Tavares,isadora.tavares@overtonemgmt.com,Overtone Artist Management,Head of Touring,linkedin.com/in/isadora-tavares,Service Providers,Attendee
Quinn,Mercer,quinn.mercer@breathhouse.co,Breathhouse,Co-Founder & Lead Facilitator,linkedin.com/in/quinn-mercer,Founders,Attendee
James,Whitlock,james.whitlock@willowmerehealth.com,Willowmere Health Tech,Chief Medical Officer,linkedin.com/in/james-whitlock,Executives,Attendee
Matthias,Moreau,matthias.moreau@overtonemgmt.com,Overtone Artist Management,Artist Manager,linkedin.com/in/matthias-moreau,Service Providers,Attendee
Colton,Denning,colton.denning@sablefin.io,Sablefin Protocol,Co-Founder,linkedin.com/in/colton-denning,Founders,Attendee
Olivia,Whitlock,olivia.whitlock@petracompute.com,Petra Compute,Founder & CEO,linkedin.com/in/olivia-whitlock,Founders,Attendee
Maya,Sutcliffe,maya.sutcliffe@nivarahotels.com,Nivara Hospitality,Director of Partnerships,linkedin.com/in/maya-sutcliffe,Sponsors,Sponsor
Maya,Coburn,maya.coburn@atlasdigitalarts.com,Atlas Digital Arts,Digital Artist,linkedin.com/in/maya-coburn,Creators,Attendee
Asher,Vance,asher.vance@kindredsound.com,Kindred Sound Collective,Artistic Director,linkedin.com/in/asher-vance,Creators,Attendee
Tobias,Moreau,tobias.moreau@lanternrow.vc,Lantern Row Ventures,Managing Partner,linkedin.com/in/tobias-moreau,Investors,VIP
Aiko,Zhao,aiko.zhao@latitudebroadcast.com,Latitude Broadcast,Executive Producer,linkedin.com/in/aiko-zhao,Media,Attendee
Noor,Saab,noor.saab@willowmerehealth.com,Willowmere Health Tech,Chief Medical Officer,linkedin.com/in/noor-saab,Executives,VIP
Wei,Fujimoto,wei.fujimoto@studioperegrine.com,Studio Peregrine,Visual Artist,linkedin.com/in/wei-fujimoto,Creators,Attendee
Margot,Lindqvist,margot.lindqvist@velascoracing.com,Velasco Racing,Team Principal,linkedin.com/in/margot-lindqvist,Athletes,VIP
Noor,El-Amin,noor.elamin@brackenridge.com,Brackenridge Advisory,Managing Director,linkedin.com/in/noor-elamin,Service Providers,Attendee
Joaquín,Salcedo,joaquin.salcedo@kindredsound.com,Kindred Sound Collective,Composer & Performer,linkedin.com/in/joaquin-salcedo,Creators,Attendee
Maya,Granger,maya.granger@meridiandao.xyz,Meridian DAO,Head of Ecosystem,linkedin.com/in/maya-granger,Founders,Attendee
Omar,Mourad,omar.mourad@regeneracollective.org,Regenera Collective,Head of Partnerships,linkedin.com/in/omar-mourad,Founders,Attendee
Tobias,Duchamp,tobias.duchamp@rootedprovisions.com,Rooted Provisions,Chief Executive Officer,linkedin.com/in/tobias-duchamp,Brands,Attendee
Wren,Brackett,wren.brackett@driftwell.co,Driftwell Network,Co-Founder & CPO,linkedin.com/in/wren-brackett,Founders,VIP
Piper,Coburn,piper.coburn@terraformfoods.com,Terraform Foods,Co-Founder & CEO,linkedin.com/in/piper-coburn,Founders,VIP
Mei,Zhao,mei.zhao@ardentglobal.com,Ardent Global Bank,"Managing Director, Partnerships",linkedin.com/in/mei-zhao,Sponsors,Sponsor
Bilal,Qureshi,bilal.qureshi@sorrelbay.com,Sorrel Bay Capital,Managing Director,linkedin.com/in/bilal-qureshi,Investors,Attendee
Antonella,Quiroga,antonella.quiroga@capitalsignal.com,Capital Signal,Markets Editor,linkedin.com/in/antonella-quiroga,Media,Attendee
Yuki,Xu,yuki.xu@ravensworth.co,Ravensworth Family Office,Chief Investment Officer,linkedin.com/in/yuki-xu,Family Offices,Attendee
Rafael,Jankovic,rafael.jankovic@nocturnerecords.com,Nocturne Records,Recording Artist,linkedin.com/in/rafael-jankovic,Creators,Attendee
Delaney,Lockhart,delaney.lockhart@meridiandao.xyz,Meridian DAO,Core Contributor,linkedin.com/in/delaney-lockhart,Founders,Attendee
Hana,Zhao,hana.zhao@solsticelongevity.com,Solstice Longevity,Founder & CEO,linkedin.com/in/hana-zhao,Founders,VIP
Jun,Sasaki,jun.sasaki@ninthgear.tv,Ninth Gear Media,Executive Producer,linkedin.com/in/jun-sasaki,Creators,Attendee
Ananya,Pham,ananya.pham@volarys.com,Volarys Airlines,Director of Sponsorship Marketing,linkedin.com/in/ananya-pham,Sponsors,Sponsor
Juno,Fairbanks,juno.fairbanks@nivarahotels.com,Nivara Hospitality,Director of Partnerships,linkedin.com/in/juno-fairbanks,Sponsors,Sponsor
Nia,Kamau,nia.kamau@stillwaterpractice.com,The Stillwater Practice,Breathwork Facilitator,linkedin.com/in/nia-kamau,Creators,Attendee
Karim,Al-Rashid,karim.alrashid@atlasdigitalarts.com,Atlas Digital Arts,Head of Immersive,linkedin.com/in/karim-alrashid,Creators,Attendee
Aiko,Sasaki,aiko.sasaki@stillwaterpractice.com,The Stillwater Practice,Somatic Practitioner,linkedin.com/in/aiko-sasaki,Creators,Attendee
Tomás,Guzmán,tomas.guzman@latitudebroadcast.com,Latitude Broadcast,Executive Producer,linkedin.com/in/tomas-guzman,Media,Attendee
Emmett,Mercer,emmett.mercer@brackenridge.com,Brackenridge Advisory,Senior Advisor,linkedin.com/in/emmett-mercer,Service Providers,Attendee
Tessa,Denning,tessa.denning@quillandstone.com,Quill & Stone Holdings,Investment Manager,linkedin.com/in/tessa-denning,Family Offices,Attendee
Asher,Brackett,asher.brackett@loomwright.studio,Loomwright Studio,Co-Founder,linkedin.com/in/asher-brackett,Founders,Attendee
Caleb,Granger,caleb.granger@breathhouse.co,Breathhouse,Founder,linkedin.com/in/caleb-granger,Founders,Attendee
Matthias,Novotný,matthias.novotny@selvedgeatelier.com,Selvedge Atelier,Creative Director,linkedin.com/in/matthias-novotny,Brands,Attendee
Ferran,Ekström,ferran.ekstrom@terraformfoods.com,Terraform Foods,Head of Regenerative Sourcing,linkedin.com/in/ferran-ekstrom,Founders,Attendee
Mei,Lim,mei.lim@apexathlete.com,Apex Athlete Collective,Professional Athlete,linkedin.com/in/mei-lim,Athletes,VIP
Dana,Darwish,dana.darwish@solanoheritage.com,Solano Heritage Group,Head of Direct Investments,linkedin.com/in/dana-darwish,Family Offices,Attendee
Giulia,Duchamp,giulia.duchamp@cobaltharbor.xyz,Cobalt Harbor,Founder & CEO,linkedin.com/in/giulia-duchamp,Founders,Attendee
Zaid,Haddad,zaid.haddad@meridiandao.xyz,Meridian DAO,Head of Ecosystem,linkedin.com/in/zaid-haddad,Founders,Attendee
Chiara,Duchamp,chiara.duchamp@verdehouse.com,Verdehouse Kitchens,Culinary Director,linkedin.com/in/chiara-duchamp,Founders,Attendee
Kasper,Falkenrath,kasper.falkenrath@galleryverdant.com,Gallery Verdant,Head of Collector Relations,linkedin.com/in/kasper-falkenrath,Brands,Attendee
Ferran,Jankovic,ferran.jankovic@meridiandao.xyz,Meridian DAO,Head of Ecosystem,linkedin.com/in/ferran-jankovic,Founders,Attendee
Sloane,Brackett,sloane.brackett@sorrelbay.com,Sorrel Bay Capital,Managing Director,linkedin.com/in/sloane-brackett,Investors,Attendee
River,Sutcliffe,river.sutcliffe@longnowreview.com,The Long Now Review,Features Editor,linkedin.com/in/river-sutcliffe,Media,Attendee
Rohan,Fujimoto,rohan.fujimoto@meridiandao.xyz,Meridian DAO,Core Contributor,linkedin.com/in/rohan-fujimoto,Founders,Attendee
Asher,Whitlock,asher.whitlock@stillwaterpractice.com,The Stillwater Practice,Breathwork Facilitator,linkedin.com/in/asher-whitlock,Creators,Attendee
Faisal,Farouk,faisal.farouk@solsticelongevity.com,Solstice Longevity,Founder & CEO,linkedin.com/in/faisal-farouk,Founders,VIP
Léa,Cavalli,lea.cavalli@halcyonimpact.com,Halcyon Impact Partners,Managing Partner,linkedin.com/in/lea-cavalli,Investors,VIP
Jonah,Kingsley,jonah.kingsley@meridianregen.fund,Meridian Regeneration Fund,Head of Climate,linkedin.com/in/jonah-kingsley,Investors,Attendee
River,Carrow,river.carrow@apexathlete.com,Apex Athlete Collective,Athlete Partner,linkedin.com/in/river-carrow,Athletes,Attendee
Karim,Haddad,karim.haddad@ardentglobal.com,Ardent Global Bank,Head of Sponsorships,linkedin.com/in/karim-haddad,Sponsors,Sponsor
Wren,Sutcliffe,wren.sutcliffe@halcyonrobotics.ai,Halcyon Robotics,Head of Product,linkedin.com/in/wren-sutcliffe,Founders,Attendee
Colton,Ashford,colton.ashford@maisonlirette.com,Maison Lirette,Chief Brand Officer,linkedin.com/in/colton-ashford,Brands,VIP
Nisha,Chandrasekar,nisha.chandrasekar@halcyonrobotics.ai,Halcyon Robotics,Head of Product,linkedin.com/in/nisha-chandrasekar,Founders,Attendee
Valentina,Villaseñor,valentina.villasenor@latitudebroadcast.com,Latitude Broadcast,Head of Documentary,linkedin.com/in/valentina-villasenor,Media,Attendee
Jun,Xu,jun.xu@overtonemgmt.com,Overtone Artist Management,Artist Manager,linkedin.com/in/jun-xu,Service Providers,Attendee
Rohan,Goh,rohan.goh@willowmerehealth.com,Willowmere Health Tech,Chief Medical Officer,linkedin.com/in/rohan-goh,Executives,Attendee
Willa,Ashford,willa.ashford@studioperegrine.com,Studio Peregrine,Founder & Creative Director,linkedin.com/in/willa-ashford,Creators,VIP
Nisha,Sasaki,nisha.sasaki@galleryverdant.com,Gallery Verdant,Head of Collector Relations,linkedin.com/in/nisha-sasaki,Brands,Attendee
Delaney,Carrow,delaney.carrow@overtonemgmt.com,Overtone Artist Management,Artist Manager,linkedin.com/in/delaney-carrow,Service Providers,Attendee
Miles,Ashford,miles.ashford@stillwaterpractice.com,The Stillwater Practice,Sound Healer,linkedin.com/in/miles-ashford,Creators,Attendee
Hayes,Halloway,hayes.halloway@solsticelongevity.com,Solstice Longevity,Chief Science Officer,linkedin.com/in/hayes-halloway,Founders,Attendee
Georgia,Hollis,georgia.hollis@climatemissiondesk.org,Climate Mission Desk,Senior Advisor,linkedin.com/in/georgia-hollis,Government,Attendee
Dana,Al-Rashid,dana.alrashid@driftwell.co,Driftwell Network,Co-Founder & CPO,linkedin.com/in/dana-alrashid,Founders,VIP
Chiara,Lindqvist,chiara.lindqvist@stillwaterpractice.com,The Stillwater Practice,Sound Healer,linkedin.com/in/chiara-lindqvist,Creators,Attendee
Kasper,Novotný,kasper.novotny@breathhouse.co,Breathhouse,Founder,linkedin.com/in/kasper-novotny,Founders,Attendee
Ingrid,Rousseau,ingrid.rousseau@volarys.com,Volarys Airlines,VP Global Partnerships,linkedin.com/in/ingrid-rousseau,Sponsors,Sponsor
Giulia,Ostergaard,giulia.ostergaard@bluecommons.org,Blue Commons Alliance,Director of Ocean Programs,linkedin.com/in/giulia-ostergaard,Government,Attendee
Søren,Lindqvist,sren.lindqvist@aureuswatch.com,Aureus Watch Co.,Head of Brand Partnerships,linkedin.com/in/sren-lindqvist,Sponsors,Sponsor
Zuri,Chukwu,zuri.chukwu@terravitality.com,Terra Vitality Clinic,Medical Director,linkedin.com/in/zuri-chukwu,Executives,Attendee
Piper,Ridley,piper.ridley@aureuswatch.com,Aureus Watch Co.,Head of Brand Partnerships,linkedin.com/in/piper-ridley,Sponsors,Sponsor
Caleb,Vance,caleb.vance@quillandstone.com,Quill & Stone Holdings,Principal,linkedin.com/in/caleb-vance,Family Offices,Attendee
Sloane,Prescott,sloane.prescott@overtonemgmt.com,Overtone Artist Management,Head of Touring,linkedin.com/in/sloane-prescott,Service Providers,Attendee
Lucía,Quiroga,lucia.quiroga@kindlingfoundation.org,Kindling Foundation,Head of Grants,linkedin.com/in/lucia-quiroga,Government,Attendee
Ferran,Moreau,ferran.moreau@ninthgear.tv,Ninth Gear Media,Creator & Host,linkedin.com/in/ferran-moreau,Creators,Attendee
Tarek,Darwish,tarek.darwish@halcyonimpact.com,Halcyon Impact Partners,Managing Partner,linkedin.com/in/tarek-darwish,Investors,VIP
Ignacio,Larrain,ignacio.larrain@overtonemgmt.com,Overtone Artist Management,Artist Manager,linkedin.com/in/ignacio-larrain,Service Providers,Attendee
